model,n,solved_pct,mean_ttc_solved,median_ttc_solved
main_adapter,1319,0.8203184230477635,1.267097966728281,1.0
base,1319,0.5974222896133434,3.3045685279187818,4.0
